id,count,repeat,mode,passed,modelRequests,inputTokens,outputTokens,cacheHitTokens,localWallMs,modelWallMs,mcpCalls,surfacedResultBytes
modules3-r1-codemode,3,1,codemode,true,12,51032,2442,44416,15563,14262,19,15306
modules3-r1-ptc,3,1,ptc,true,9,29755,1933,25600,12597,9687,19,6084
modules3-r1-hybrid,3,1,hybrid,true,10,32260,2328,28672,15739,12721,18,6332
modules8-r1-ptc,8,1,ptc,true,7,24901,2053,21888,11645,9213,31,8919
modules8-r1-codemode,8,1,codemode,true,12,52055,2391,45056,15963,14652,33,18943
modules16-r1-codemode,16,1,codemode,true,21,157358,4268,143616,27127,25270,139,38708
modules16-r1-ptc,16,1,ptc,true,22,283111,5682,268800,36943,30632,109,45826
modules16-r2-codemode,16,2,codemode,true,11,44693,1997,36224,13804,12473,56,21804
modules16-r2-ptc,16,2,ptc,false,24,420618,6037,393216,37594,30595,200,97107
modules8-r2-codemode,8,2,codemode,true,13,60086,2546,52864,16622,14864,31,19325
modules16-r1-hybrid,16,1,hybrid,true,7,38043,1745,30080,11769,9209,88,24185
modules8-r1-hybrid,8,1,hybrid,true,6,23427,1958,19200,11786,9573,29,10771
modules16-r2-hybrid,16,2,hybrid,true,8,46860,1950,39040,14008,11441,75,23257
modules8-r2-hybrid,8,2,hybrid,true,6,24229,2074,19712,11515,9540,29,11466
modules8-r2-ptc,8,2,ptc,true,8,31809,2342,29696,13591,10567,32,11114
modules3-r2-ptc,3,2,ptc,false,24,150886,2280,142715,26563,20159,29,25502
modules3-r2-hybrid,3,2,hybrid,true,6,19283,1775,15744,10188,8229,20,7935
modules3-r2-codemode,3,2,codemode,true,11,29761,2060,25088,13234,12048,17,9074
modules3-r3-hybrid,3,3,hybrid,true,9,32636,1879,28800,14325,11688,17,7964
modules3-r3-codemode,3,3,codemode,true,13,37392,2188,32640,15436,14187,18,9789
modules3-r3-ptc,3,3,ptc,false,24,155156,2266,147323,26844,20493,29,26320
modules8-r3-codemode,8,3,codemode,true,12,40624,2738,34304,15915,14328,32,12916
modules8-r3-ptc,8,3,ptc,true,9,39008,2521,36864,16018,12804,35,12829
modules8-r3-hybrid,8,3,hybrid,true,6,24076,2149,19584,12303,10327,30,10860
modules16-r3-ptc,16,3,ptc,true,21,286101,5969,271616,38062,31602,170,67115
modules16-r3-hybrid,16,3,hybrid,true,9,49011,2307,42368,15576,12643,71,18607
modules16-r3-codemode,16,3,codemode,true,16,109564,3106,97920,20892,19331,78,34492
