id,count,toolCount,repeat,mode,passed,modelRequests,inputTokens,outputTokens,cacheHitTokens,localWallMs,modelWallMs,mcpCalls,peakMcpConcurrency,rawMcpResultBytes,surfacedResultBytes
o1-t3-r1-direct,1,3,1,direct,true,2,2031,122,1536,2226,2090,1,1,517,517
o1-t3-r1-direct-batch,1,3,1,direct-batch,true,2,2048,139,1536,1980,1855,1,1,517,517
o1-t3-r1-codemode,1,3,1,codemode,true,3,5478,717,4864,4602,4455,1,1,517,2039
o1-t18-r1-direct-batch,1,18,1,direct-batch,true,2,6180,169,5760,1667,1561,1,1,517,517
o1-t18-r1-codemode,1,18,1,codemode,true,3,5944,777,4736,4529,4408,1,1,517,2915
o1-t18-r1-direct,1,18,1,direct,true,2,6162,126,5760,2032,1931,1,1,517,517
o1-t60-r1-codemode,1,60,1,codemode,true,3,5876,706,5248,3778,3655,1,1,517,2902
o1-t60-r1-direct,1,60,1,direct,true,2,17724,143,17280,2195,2089,1,1,517,517
o1-t60-r1-direct-batch,1,60,1,direct-batch,true,2,17740,167,17280,2018,1914,1,1,517,517
o12-t3-r1-direct,12,3,1,direct,true,10,46684,974,39680,10465,10148,9,1,33403,33403
o12-t3-r1-direct-batch,12,3,1,direct-batch,true,3,10840,853,4352,4485,4358,9,8,33403,33403
o12-t3-r1-codemode,12,3,1,codemode,true,3,5655,839,4992,4617,4475,9,8,33403,2773
o12-t18-r1-direct,12,18,1,direct,true,10,67135,940,61056,9385,9064,9,1,33403,33403
o12-t18-r1-direct-batch,12,18,1,direct-batch,true,3,17073,826,11392,4453,4317,9,8,33403,33403
o12-t18-r1-codemode,12,18,1,codemode,true,3,7591,866,5632,4794,4645,9,8,33403,6501
o12-t60-r1-direct-batch,12,60,1,direct-batch,true,3,34414,890,28800,4526,4388,9,8,33403,33403
o12-t60-r1-codemode,12,60,1,codemode,true,3,6093,877,5504,4717,4568,9,8,33403,3750
o12-t60-r1-direct,12,60,1,direct,true,10,124897,989,118784,10005,9679,9,1,33403,33403
o48-t3-r1-codemode,48,3,1,codemode,true,3,5672,862,4992,4684,4525,53,52,203576,2768
o48-t3-r1-direct,48,3,1,direct,true,28,638919,3012,603520,29441,27867,53,1,203576,203576
o48-t3-r1-direct-batch,48,3,1,direct-batch,true,3,47494,2535,10496,8706,8569,53,52,203576,203576
o48-t18-r1-direct,48,18,1,direct,true,54,1372437,3214,1331840,48899,47325,53,1,203576,203576
o48-t18-r1-direct-batch,48,18,1,direct-batch,true,3,53689,2462,16640,8540,8396,53,52,203576,203576
o48-t18-r1-codemode,48,18,1,codemode,true,3,6059,765,5376,4428,4180,53,52,203576,3626
o48-t60-r1-direct,48,60,1,direct,true,54,1684455,3196,1647104,49610,47953,53,1,203576,203576
o48-t60-r1-direct-batch,48,60,1,direct-batch,true,3,71032,2503,70400,8918,8765,53,52,203576,203576
o48-t60-r1-codemode,48,60,1,codemode,true,3,6068,779,5376,4571,4406,53,52,203576,3709
o48-t60-r2-direct-batch,48,60,2,direct-batch,true,3,71032,2490,70400,8655,8512,53,52,203576,203576
o48-t60-r2-codemode,48,60,2,codemode,true,3,7567,850,5504,4038,3877,53,52,203576,6446
o48-t60-r2-direct,48,60,2,direct,true,54,1679801,2981,1642624,45699,44060,53,1,203576,203576
o1-t3-r1-ptc,1,3,1,ptc,true,2,4434,462,3968,2924,2512,1,1,517,122
o1-t18-r1-ptc,1,18,1,ptc,true,2,7622,466,7296,2856,2525,1,1,517,122
o1-t60-r1-ptc,1,60,1,ptc,true,2,16541,474,16128,3036,2704,1,1,517,122
o12-t3-r1-ptc,12,3,1,ptc,true,2,4671,670,4224,3566,3203,9,8,33403,1019
o12-t18-r1-ptc,12,18,1,ptc,true,2,7855,690,7552,3745,3374,9,8,33403,1031
o12-t60-r1-ptc,12,60,1,ptc,true,2,16765,680,16256,3633,3254,9,8,33403,986
o48-t3-r1-ptc,48,3,1,ptc,true,2,4674,688,4096,3954,3423,53,8,203576,1023
o48-t18-r1-ptc,48,18,1,ptc,true,2,7859,678,7424,3745,3210,53,8,203576,1035
o48-t60-r1-ptc,48,60,1,ptc,true,2,16768,697,16256,4452,3871,53,8,203576,990
o48-t60-r2-ptc,48,60,2,ptc,true,2,16771,671,16256,3608,3012,53,8,203576,990
o48-t18-r2-direct,48,18,2,direct,true,54,1372325,3195,1335040,48008,46396,53,1,203576,203576
o48-t18-r2-direct-batch,48,18,2,direct-batch,true,3,53689,2524,19968,8559,8421,53,52,203576,203576
o48-t18-r2-codemode,48,18,2,codemode,true,3,6066,844,5376,4413,4222,53,52,203576,3644
o48-t18-r2-ptc,48,18,2,ptc,true,2,7858,687,7424,3851,3316,53,8,203576,1035
o48-t3-r2-ptc,48,3,2,ptc,true,2,4674,680,4224,4290,3756,53,8,203576,1023
o48-t3-r2-direct,48,3,2,direct,true,28,638919,2988,633472,28086,26571,53,1,203576,203576
o48-t3-r2-direct-batch,48,3,2,direct-batch,true,3,47494,2458,46976,7818,7685,53,52,203576,203576
o48-t3-r2-codemode,48,3,2,codemode,true,3,6683,832,5120,4279,4123,53,52,203576,4617
o12-t60-r2-codemode,12,60,2,codemode,true,3,6069,848,5376,4481,4332,9,8,33403,3723
o12-t60-r2-ptc,12,60,2,ptc,true,2,16778,671,16256,3549,3176,9,8,33403,1031
o12-t60-r2-direct,12,60,2,direct,true,10,125097,1005,119165,9364,9028,9,1,33403,33403
o12-t60-r2-direct-batch,12,60,2,direct-batch,true,3,34418,891,28928,4711,4557,9,8,33403,33403
o12-t18-r2-direct-batch,12,18,2,direct-batch,true,3,17091,853,11520,4541,4414,9,8,33403,33403
o12-t18-r2-codemode,12,18,2,codemode,true,3,7582,859,6784,4227,4081,9,8,33403,6501
o12-t18-r2-ptc,12,18,2,ptc,true,2,7855,689,7552,4016,3651,9,8,33403,1031
o12-t18-r2-direct,12,18,2,direct,true,10,67127,972,61056,9447,9118,9,1,33403,33403
o12-t3-r2-direct,12,3,2,direct,true,10,46604,951,40576,9576,9256,9,1,33403,33403
o12-t3-r2-direct-batch,12,3,2,direct-batch,true,3,10871,867,5248,3798,3673,9,8,33403,33403
o12-t3-r2-codemode,12,3,2,codemode,true,3,6722,870,6016,4067,3925,9,8,33403,4646
o12-t3-r2-ptc,12,3,2,ptc,true,2,4671,670,4224,3616,3247,9,8,33403,1019
o1-t60-r2-ptc,1,60,2,ptc,true,2,16541,475,16128,3189,2843,1,1,517,122
o1-t60-r2-direct,1,60,2,direct,true,2,17724,144,17280,2414,2311,1,1,517,517
o1-t60-r2-direct-batch,1,60,2,direct-batch,true,2,17740,167,17280,2085,1979,1,1,517,517
o1-t60-r2-codemode,1,60,2,codemode,true,3,7369,701,6528,3987,3871,1,1,517,5744
o1-t18-r2-codemode,1,18,2,codemode,true,3,7450,775,6656,4653,4540,1,1,517,5776
o1-t18-r2-ptc,1,18,2,ptc,true,2,7623,466,7296,3238,2909,1,1,517,122
o1-t18-r2-direct,1,18,2,direct,true,2,6162,126,5760,1878,1777,1,1,517,517
o1-t18-r2-direct-batch,1,18,2,direct-batch,true,2,6178,164,5760,2196,2103,1,1,517,517
o1-t3-r2-direct-batch,1,3,2,direct-batch,true,2,2048,144,1664,1810,1716,1,1,517,517
o1-t3-r2-codemode,1,3,2,codemode,true,3,5498,746,4864,4503,4385,1,1,517,2039
o1-t3-r2-ptc,1,3,2,ptc,true,2,4435,469,4095,2724,2382,1,1,517,122
o1-t3-r2-direct,1,3,2,direct,true,2,2031,122,1664,2187,2094,1,1,517,517
o1-t3-r3-codemode,1,3,3,codemode,true,3,5498,746,4864,4650,4540,1,1,517,2039
o1-t3-r3-ptc,1,3,3,ptc,true,2,4435,467,4095,3189,2838,1,1,517,122
o1-t3-r3-direct,1,3,3,direct,true,2,2031,122,1664,2053,1955,1,1,517,517
o1-t3-r3-direct-batch,1,3,3,direct-batch,true,2,2048,144,1664,2260,2166,1,1,517,517
o1-t18-r3-ptc,1,18,3,ptc,true,2,7622,474,7296,3395,3060,1,1,517,122
o1-t18-r3-direct,1,18,3,direct,true,2,6162,126,5760,1934,1837,1,1,517,517
o1-t18-r3-direct-batch,1,18,3,direct-batch,true,2,6178,189,5760,2119,2017,1,1,517,517
o1-t18-r3-codemode,1,18,3,codemode,true,3,5905,691,5376,4482,4367,1,1,517,2915
o1-t60-r3-direct,1,60,3,direct,true,2,17724,143,17280,2315,2215,1,1,517,517
o1-t60-r3-direct-batch,1,60,3,direct-batch,true,2,17740,144,17280,2146,2048,1,1,517,517
o1-t60-r3-codemode,1,60,3,codemode,true,3,5883,715,5376,4133,4009,1,1,517,2902
o1-t60-r3-ptc,1,60,3,ptc,true,2,16541,474,16128,3030,2685,1,1,517,122
o12-t3-r3-direct-batch,12,3,3,direct-batch,true,3,10871,896,10240,5154,5031,9,8,33403,33403
o12-t3-r3-codemode,12,3,3,codemode,true,3,5655,836,4992,4526,4383,9,8,33403,2773
o12-t3-r3-ptc,12,3,3,ptc,true,2,4671,670,4224,3438,3057,9,8,33403,1019
o12-t3-r3-direct,12,3,3,direct,true,10,46620,952,40576,9024,8715,9,1,33403,33403
o12-t18-r3-codemode,12,18,3,codemode,true,3,6043,833,5376,4903,4758,9,8,33403,3592
o12-t18-r3-ptc,12,18,3,ptc,true,2,7855,669,7552,3909,3512,9,8,33403,1031
o12-t18-r3-direct,12,18,3,direct,true,10,67307,1032,61184,9439,9114,9,1,33403,33403
o12-t18-r3-direct-batch,12,18,3,direct-batch,true,3,17100,906,11520,4394,4257,9,8,33403,33403
o12-t60-r3-ptc,12,60,3,ptc,true,2,16779,682,16256,3326,2931,9,8,33403,1001
o12-t60-r3-direct,12,60,3,direct,true,10,125001,1006,119037,10878,10540,9,1,33403,33403
o12-t60-r3-direct-batch,12,60,3,direct-batch,true,3,34399,863,28928,4528,4386,9,8,33403,33403
o12-t60-r3-codemode,12,60,3,codemode,true,3,7536,818,6784,4874,4722,9,8,33403,6451
o48-t3-r3-direct,48,3,3,direct,true,28,638919,2999,633472,28285,26767,53,1,203576,203576
o48-t3-r3-direct-batch,48,3,3,direct-batch,true,3,47494,2515,46976,8640,8491,53,52,203576,203576
o48-t3-r3-codemode,48,3,3,codemode,true,3,6755,909,6016,4399,4251,53,52,203576,4668
o48-t3-r3-ptc,48,3,3,ptc,true,2,4673,670,4096,3771,3234,53,8,203576,1023
o48-t18-r3-direct-batch,48,18,3,direct-batch,true,3,53689,2469,53120,8278,8143,53,52,203576,203576
o48-t18-r3-codemode,48,18,3,codemode,true,3,6066,851,5376,3994,3848,53,52,203576,3644
o48-t18-r3-ptc,48,18,3,ptc,true,2,7858,682,7552,3612,3072,53,8,203576,1035
o48-t18-r3-direct,48,18,3,direct,true,54,1373234,3225,1336832,49246,47676,53,1,203576,203576
o48-t60-r3-codemode,48,60,3,codemode,true,3,6096,807,5504,4184,4032,53,52,203576,3754
o48-t60-r3-ptc,48,60,3,ptc,true,2,16782,679,16256,3810,3247,53,8,203576,1005
o48-t60-r3-direct,48,60,3,direct,true,54,1687151,3272,1650944,48830,47195,53,1,203576,203576
o48-t60-r3-direct-batch,48,60,3,direct-batch,true,3,71032,2540,70400,9155,9009,53,52,203576,203576
