id,count,toolCount,repeat,mode,revision,inputTokens,outputTokens,cacheHitTokens,modelRequests,localWallMs,modelWallMs,initialSdkDeclarationBytes,surfacedResultBytes
o1-t3-r1-codemode,1,3,1,codemode,hybrid-v1,5476,719,4864,3,4508,4336,,2039
o1-t3-r1-ptc,1,3,1,ptc,hybrid-v1,4435,467,4095,2,3057,2649,3504,122
o1-t3-r1-hybrid,1,3,1,hybrid,hybrid-v1,6047,578,5376,3,4048,3646,3504,510
o1-t18-r1-ptc,1,18,1,ptc,hybrid-v1,7622,474,7296,2,3103,2773,9538,122
o1-t18-r1-hybrid,1,18,1,hybrid,hybrid-v1,6060,629,5504,3,4377,3984,3504,510
o1-t18-r1-codemode,1,18,1,codemode,hybrid-v1,5881,688,5376,3,4343,4222,,2915
o1-t60-r1-codemode,1,60,1,codemode,hybrid-v1,5904,699,5376,3,4712,4592,,2902
o1-t60-r1-ptc,1,60,1,ptc,hybrid-v1,16546,466,16128,2,3334,2986,26458,122
o12-t3-r1-codemode,12,3,1,codemode,hybrid-v1,5655,836,4992,3,3959,3811,,2773
o12-t3-r1-ptc,12,3,1,ptc,hybrid-v1,4671,670,4224,2,3620,3257,3504,1019
o12-t3-r1-hybrid,12,3,1,hybrid,hybrid-v1,6295,788,5504,3,4447,4020,3504,1407
o12-t18-r1-ptc,12,18,1,ptc,hybrid-v1,7855,687,7552,2,3601,3229,9538,1031
o12-t18-r1-codemode,12,18,1,codemode,hybrid-v1,7589,864,6784,3,5320,5177,,6501
o12-t60-r1-hybrid,12,60,1,hybrid,hybrid-v1,6263,722,5376,3,3606,3177,3504,1407
o12-t60-r1-codemode,12,60,1,codemode,hybrid-v1,6093,804,5504,3,4615,4472,,3750
o12-t60-r1-ptc,12,60,1,ptc,hybrid-v1,16765,697,16384,2,4199,3822,26458,986
o48-t3-r1-codemode,48,3,1,codemode,hybrid-v1,5672,861,4992,3,4076,3931,,2774
o48-t3-r1-ptc,48,3,1,ptc,hybrid-v1,4674,685,4096,2,4062,3525,3504,1023
o48-t3-r1-hybrid,48,3,1,hybrid,hybrid-v1,6359,934,5504,3,5375,4777,3504,1006
o48-t18-r1-ptc,48,18,1,ptc,hybrid-v1,7858,682,7552,2,3604,3062,9538,1035
o48-t18-r1-hybrid,48,18,1,hybrid,hybrid-v1,6298,793,5504,3,4646,4057,3504,1402
o48-t18-r1-codemode,48,18,1,codemode,hybrid-v1,6067,773,5376,3,4492,4326,,3653
o48-t60-r1-hybrid,48,60,1,hybrid,hybrid-v1,6298,810,5632,3,5156,4561,3504,1402
o48-t60-r1-codemode,48,60,1,codemode,hybrid-v1,7598,871,6912,3,4345,4197,,6473
o48-t60-r1-ptc,48,60,1,ptc,hybrid-v1,16770,668,16256,2,3714,3164,26458,990
o48-t60-r2-codemode,48,60,2,codemode,hybrid-v1,7584,850,6784,3,4637,4476,,6461
o48-t60-r2-ptc,48,60,2,ptc,hybrid-v1,16779,677,16256,2,3679,3108,26458,1017
o48-t60-r2-hybrid,48,60,2,hybrid,hybrid-v1,6298,810,5632,3,4897,4295,3504,1402
o48-t18-r2-codemode,48,18,2,codemode,hybrid-v1,6096,872,5504,3,4500,4350,,3614
o48-t18-r2-ptc,48,18,2,ptc,hybrid-v1,7859,678,7552,2,3646,3095,9538,1035
o48-t3-r2-ptc,48,3,2,ptc,hybrid-v1,4674,680,4224,2,3780,3239,3504,1023
o48-t3-r2-hybrid,48,3,2,hybrid,hybrid-v1,6387,914,5760,3,5619,5022,3504,1235
o48-t3-r2-codemode,48,3,2,codemode,hybrid-v1,6721,879,6016,3,4912,4768,,4653
o12-t60-r2-codemode,12,60,2,codemode,hybrid-v1,6093,804,5504,3,5045,4899,,3750
o12-t60-r2-ptc,12,60,2,ptc,hybrid-v1,16765,697,16384,2,4267,3896,26458,986
o12-t18-r2-codemode,12,18,2,codemode,hybrid-v1,6093,861,5504,3,4921,4777,,3610
o12-t18-r2-ptc,12,18,2,ptc,hybrid-v1,7855,669,7552,2,4159,3783,9538,1031
o12-t3-r2-ptc,12,3,2,ptc,hybrid-v1,4671,670,4224,2,3614,3231,3504,1019
o12-t3-r2-codemode,12,3,2,codemode,hybrid-discovery-v2,6721,875,6016,3,4881,4722,,4637
o1-t60-r2-codemode,1,60,2,codemode,hybrid-discovery-v2,5904,699,5376,3,4433,4310,,2902
o1-t60-r2-ptc,1,60,2,ptc,hybrid-discovery-v2,16542,461,16128,2,2893,2489,26458,122
o1-t18-r2-codemode,1,18,2,codemode,hybrid-discovery-v2,5925,750,5376,3,4230,4110,,2915
o1-t18-r2-ptc,1,18,2,ptc,hybrid-discovery-v2,7622,476,7296,2,2939,2595,9538,122
o1-t3-r2-ptc,1,3,2,ptc,hybrid-discovery-v2,4435,467,4095,2,2782,2449,3504,122
o1-t60-r1-hybrid,1,60,1,hybrid,hybrid-discovery-v3,5802,542,4480,3,3803,3144,3504,334
o12-t18-r1-hybrid,12,18,1,hybrid,hybrid-discovery-v3,6027,729,5248,3,4677,4230,3504,1243
o48-t18-r2-hybrid,48,18,2,hybrid,hybrid-discovery-v3,6030,729,5248,3,5316,4690,3504,1247
o12-t60-r2-hybrid,12,60,2,hybrid,hybrid-discovery-v3,6027,711,5376,3,4244,3795,3504,1243
o12-t18-r2-hybrid,12,18,2,hybrid,hybrid-discovery-v3,6027,725,5376,3,4470,4015,3504,1243
o12-t3-r2-hybrid,12,3,2,hybrid,hybrid-discovery-v3,6027,724,5248,3,4467,4002,3504,1243
o1-t60-r2-hybrid,1,60,2,hybrid,hybrid-discovery-v3,5794,556,5248,3,3471,3053,3504,334
o1-t18-r2-hybrid,1,18,2,hybrid,hybrid-discovery-v3,5794,554,5248,3,4651,4232,3504,334
o1-t3-r2-hybrid,1,3,2,hybrid,hybrid-discovery-v3,5802,561,5248,3,4296,3872,3504,334
o1-t3-r2-codemode,1,3,2,codemode,hybrid-discovery-v3,5498,746,4864,3,4622,4498,,2039
o1-t3-r3-hybrid,1,3,3,hybrid,hybrid-discovery-v3,5794,554,5248,3,4269,3855,3504,334
o1-t3-r3-codemode,1,3,3,codemode,hybrid-discovery-v3,6553,714,5888,3,4219,4103,,3951
o1-t3-r3-ptc,1,3,3,ptc,hybrid-discovery-v3,4435,467,3968,2,3288,2945,3504,122
o1-t18-r3-codemode,1,18,3,codemode,hybrid-discovery-v3,5925,724,5376,3,4651,4532,,2915
o1-t18-r3-ptc,1,18,3,ptc,hybrid-discovery-v3,7622,474,7296,2,3466,3115,9538,122
o1-t18-r3-hybrid,1,18,3,hybrid,hybrid-discovery-v3,5794,552,5248,3,4438,4041,3504,334
o1-t60-r3-ptc,1,60,3,ptc,hybrid-discovery-v3,16541,474,16128,2,3538,3182,26458,122
o1-t60-r3-hybrid,1,60,3,hybrid,hybrid-discovery-v3,5794,560,5248,3,4770,4358,3504,334
o1-t60-r3-codemode,1,60,3,codemode,hybrid-discovery-v3,5892,732,5376,3,4968,4821,,2902
o12-t3-r3-hybrid,12,3,3,hybrid,hybrid-discovery-v3,6027,711,5376,3,5071,4619,3504,1243
o12-t3-r3-codemode,12,3,3,codemode,hybrid-discovery-v3,5662,782,4992,3,4693,4548,,2746
o12-t3-r3-ptc,12,3,3,ptc,hybrid-discovery-v3,4671,673,4224,2,4169,3799,3504,1019
o12-t18-r3-codemode,12,18,3,codemode,hybrid-discovery-v3,6093,866,5504,3,5151,5001,,3610
o12-t18-r3-ptc,12,18,3,ptc,hybrid-discovery-v3,7855,687,7552,2,3992,3613,9538,1031
o12-t18-r3-hybrid,12,18,3,hybrid,hybrid-discovery-v3,6027,711,5376,3,5251,4814,3504,1243
o12-t60-r3-ptc,12,60,3,ptc,hybrid-discovery-v3,16765,698,16384,2,3939,3556,26458,986
o12-t60-r3-hybrid,12,60,3,hybrid,hybrid-discovery-v3,6027,711,5376,3,4807,4351,3504,1243
o12-t60-r3-codemode,12,60,3,codemode,hybrid-discovery-v3,6065,776,5376,3,3864,3706,,3705
o48-t3-r3-hybrid,48,3,3,hybrid,hybrid-discovery-v3,6030,712,5248,3,4704,4083,3504,1247
o48-t3-r3-codemode,48,3,3,codemode,hybrid-discovery-v3,5675,855,4992,3,5749,5596,,2756
o48-t3-r3-ptc,48,3,3,ptc,hybrid-discovery-v3,4671,616,4096,2,3851,3304,3504,1035
o48-t18-r3-codemode,48,18,3,codemode,hybrid-discovery-v3,7633,840,7037,3,5023,4867,,6505
o48-t18-r3-ptc,48,18,3,ptc,hybrid-discovery-v3,7858,682,7552,2,4071,3541,9538,1035
o48-t18-r3-hybrid,48,18,3,hybrid,hybrid-discovery-v3,6030,735,5376,3,5600,4992,3504,1247
o48-t60-r3-ptc,48,60,3,ptc,hybrid-discovery-v3,16768,666,16384,2,4246,3690,26458,990
o48-t60-r3-hybrid,48,60,3,hybrid,hybrid-discovery-v3,6027,664,5248,3,5093,4471,3504,1247
o48-t60-r3-codemode,48,60,3,codemode,hybrid-discovery-v3,6066,840,5504,3,5210,5041,,3637
